track,split,kind,level,clip_stem,lighting,condition,frames,psnr,ssim,lpips,psnr_in,tof,tof_in,brisque,niqe
C,test,none,real,raw_video_013_clip_0000,night,clear,80,,,,,2.59442,2.59845,14.7098,4.4701
C,test,none,real,raw_video_013_clip_0001,night,clear,80,,,,,6.111,6.10936,29.649,5.1925
C,test,none,real,raw_video_013_clip_0002,night,clear,80,,,,,7.12942,7.12217,27.7878,5.1243
C,test,none,real,raw_video_013_clip_0003,night,clear,80,,,,,5.94012,5.95469,33.835,5.1544
C,test,none,real,raw_video_013_clip_0004,night,clear,80,,,,,7.30837,7.30099,29.2187,5.058
C,test,none,real,raw_video_013_clip_0005,night,clear,80,,,,,7.72855,7.71704,29.2471,5.0491
C,test,none,real,raw_video_013_clip_0006,night,clear,80,,,,,5.17328,5.1691,33.7918,5.3632
C,test,none,real,raw_video_013_clip_0007,night,clear,80,,,,,5.07885,5.0797,26.5727,5.1047
C,test,none,real,raw_video_013_clip_0008,night,clear,80,,,,,5.75969,5.76567,53.6424,5.8937
C,test,none,real,raw_video_013_clip_0009,night,clear,80,,,,,7.8604,7.85789,24.8879,4.5813
C,test,none,real,raw_video_013_clip_0010,night,clear,80,,,,,4.70507,4.71179,56.9104,6.3437
C,test,none,real,raw_video_013_clip_0011,night,clear,80,,,,,7.38239,7.38023,25.8646,4.957
C,test,none,real,raw_video_013_clip_0012,night,clear,80,,,,,5.95865,5.9621,27.5679,4.8915
C,test,none,real,raw_video_013_clip_0021,night,clear,80,,,,,3.17383,3.17184,26.9854,4.9628
C,test,none,real,raw_video_013_clip_0022,night,clear,80,,,,,8.14654,8.14906,23.8406,4.3767
C,test,none,real,raw_video_013_clip_0023,night,clear,80,,,,,9.06281,9.06105,27.7885,4.3602
C,test,none,real,raw_video_013_clip_0024,night,clear,80,,,,,13.09962,13.079,26.3105,4.6659
C,test,none,real,raw_video_013_clip_0025,night,clear,80,,,,,8.32208,8.31518,35.6066,5.0942
C,test,none,real,raw_video_013_clip_0026,night,clear,80,,,,,7.8161,7.81318,25.6414,4.6433
C,test,none,real,raw_video_013_clip_0027,night,clear,80,,,,,3.10772,3.10856,57.6474,6.3443
C,test,none,real,raw_video_013_clip_0028,night,shadow,80,,,,,6.87649,6.87151,26.7115,4.8979
C,test,none,real,raw_video_013_clip_0029,night,clear,80,,,,,7.75044,7.74586,29.4263,5.1328
C,test,none,real,raw_video_013_clip_0030,night,glare,80,,,,,8.58844,8.58466,25.0181,4.9386
C,test,none,real,raw_video_013_clip_0031,night,clear,80,,,,,12.0941,12.07166,26.372,4.913
C,test,none,real,raw_video_013_clip_0032,night,clear,80,,,,,9.11601,9.11488,29.153,5.1255
C,test,none,real,raw_video_013_clip_0033,night,clear,80,,,,,6.11994,6.11775,33.7961,5.2199
C,test,none,real,raw_video_013_clip_0034,night,clear,80,,,,,3.23007,3.23339,35.1328,5.3745
C,test,none,real,raw_video_013_clip_0035,night,clear,80,,,,,2.92887,2.93123,52.3512,6.4363
C,test,none,real,raw_video_013_clip_0036,night,clear,80,,,,,2.986,2.98832,61.1182,7.1701
C,test,none,real,raw_video_013_clip_0037,night,clear,80,,,,,3.15256,3.15556,39.1062,5.9497
C,test,none,real,raw_video_013_clip_0038,night,clear,80,,,,,2.84689,2.85003,75.8174,7.8182
C,test,none,real,raw_video_013_clip_0039,night,shadow,80,,,,,2.8508,2.85335,72.7815,7.9132
C,test,none,real,raw_video_013_clip_0040,night,shadow,80,,,,,1.32063,1.3167,90.1981,8.64
C,test,none,real,raw_video_013_clip_0041,night,clear,80,,,,,2.17092,2.17073,53.9663,6.1295
C,test,none,real,raw_video_013_clip_0042,night,glare,80,,,,,10.53642,10.51813,26.3688,5.0184
C,test,none,real,raw_video_013_clip_0043,night,clear,80,,,,,7.31487,7.30625,25.226,4.8122
C,test,none,real,raw_video_013_clip_0044,night,clear,80,,,,,11.77655,11.74995,20.5845,4.5494
C,test,none,real,raw_video_018_clip_0000,night,glare,80,,,,,7.09251,7.08249,29.7657,4.6412
C,test,none,real,raw_video_018_clip_0001,night,clear,80,,,,,5.14545,5.13863,48.1882,5.93
C,test,none,real,raw_video_018_clip_0002,night,clear,80,,,,,14.60503,14.57354,33.2398,5.1054
C,test,none,real,raw_video_018_clip_0003,night,glare,80,,,,,6.82689,6.82383,34.0122,5.0948
C,test,none,real,raw_video_018_clip_0004,night,clear,80,,,,,7.02402,7.02339,30.6279,4.9366
C,test,none,real,raw_video_018_clip_0005,night,clear,80,,,,,6.83576,6.82855,48.0267,5.531
C,test,none,real,raw_video_018_clip_0006,night,clear,80,,,,,9.82717,9.8238,31.34,5.4196
C,test,none,real,raw_video_018_clip_0007,night,clear,80,,,,,9.68151,9.66844,38.3438,5.5932
C,test,none,real,raw_video_018_clip_0008,night,glare,80,,,,,4.13224,4.13496,24.9158,4.9162
C,test,none,real,raw_video_018_clip_0009,night,clear,80,,,,,2.82957,2.83262,28.0327,4.9738
C,test,none,real,raw_video_018_clip_0010,night,glare,80,,,,,3.33408,3.34036,27.9441,5.1714
C,test,none,real,raw_video_018_clip_0011,night,clear,80,,,,,4.01947,4.0273,41.3703,5.3947
C,test,none,real,raw_video_018_clip_0012,night,clear,80,,,,,3.0883,3.09481,45.3865,5.5513
C,test,none,real,raw_video_018_clip_0013,night,clear,80,,,,,1.80471,1.8093,21.0408,4.5476
C,test,none,real,raw_video_018_clip_0014,night,clear,80,,,,,0.73249,0.73511,36.1954,4.9362
C,test,none,real,raw_video_018_clip_0015,night,clear,80,,,,,4.97695,4.97918,34.3148,5.5237
C,test,none,real,raw_video_018_clip_0016,night,clear,80,,,,,2.66615,2.67143,36.5479,5.8048
C,test,none,real,raw_video_018_clip_0017,night,clear,80,,,,,3.07039,3.07492,32.7665,5.2624
C,test,none,real,raw_video_018_clip_0018,night,clear,80,,,,,2.77334,2.77615,32.2877,5.1744
C,test,none,real,raw_video_018_clip_0019,night,glare,80,,,,,5.99116,5.99077,33.8736,5.3623
C,test,none,real,raw_video_018_clip_0020,night,clear,80,,,,,5.86133,5.85956,39.508,5.7089
C,test,none,real,raw_video_018_clip_0021,night,glare,80,,,,,5.86445,5.86132,32.131,5.2992
C,test,none,real,raw_video_018_clip_0022,night,clear,80,,,,,7.5824,7.5741,34.6303,5.4921
C,test,none,real,raw_video_018_clip_0023,night,clear,80,,,,,7.5516,7.54706,30.3838,5.0908
C,test,none,real,raw_video_018_clip_0024,night,clear,80,,,,,5.90253,5.91013,34.8882,5.2634
C,test,none,real,raw_video_018_clip_0025,night,glare,80,,,,,6.09571,6.10061,27.3439,4.6254
C,test,none,real,raw_video_018_clip_0026,night,clear,80,,,,,7.24677,7.25357,30.2714,4.9467
C,test,none,real,raw_video_018_clip_0027,night,clear,80,,,,,5.99652,6.00531,25.6612,4.8032
C,test,none,real,raw_video_018_clip_0028,night,clear,80,,,,,11.46413,11.46815,36.3625,4.8471
C,test,none,real,raw_video_018_clip_0029,night,clear,80,,,,,3.27746,3.28982,30.1455,5.3339
C,test,none,real,raw_video_018_clip_0030,night,clear,80,,,,,14.52843,14.51218,27.7528,4.6669
C,test,none,real,raw_video_018_clip_0031,night,clear,80,,,,,5.53958,5.54226,23.927,4.7219
C,test,none,real,raw_video_018_clip_0032,night,clear,80,,,,,7.95007,7.96818,31.942,4.9081
C,test,none,real,raw_video_018_clip_0033,night,clear,80,,,,,9.47213,9.4635,27.5166,5.0022
C,test,none,real,raw_video_018_clip_0034,night,clear,80,,,,,9.66283,9.65553,27.1283,5.1908
C,test,none,real,raw_video_018_clip_0035,night,clear,80,,,,,8.11922,8.111,34.1501,5.7948
C,test,none,real,raw_video_018_clip_0036,night,clear,80,,,,,10.14156,10.13262,28.0716,4.8686
C,test,none,real,raw_video_018_clip_0037,night,clear,80,,,,,2.79634,2.80344,30.2056,5.5745
C,test,none,real,raw_video_018_clip_0038,night,clear,80,,,,,5.05149,5.05495,37.4169,5.7365
C,test,none,real,raw_video_018_clip_0039,night,glare,80,,,,,9.98931,9.98773,28.2352,5.02
C,test,none,real,raw_video_018_clip_0040,night,glare,80,,,,,4.41944,4.42471,29.1134,5.2078
C,test,none,real,raw_video_018_clip_0041,night,glare,80,,,,,6.86031,6.85629,24.7641,4.708
C,test,none,real,raw_video_018_clip_0042,night,glare,80,,,,,4.77348,4.76708,36.0809,5.2926
C,test,none,real,raw_video_018_clip_0043,night,glare,80,,,,,4.41295,4.41354,32.8837,5.2371
C,test,none,real,raw_video_018_clip_0044,night,clear,80,,,,,5.88654,5.87759,32.7938,5.02
C,test,none,real,raw_video_018_clip_0045,night,clear,80,,,,,11.55375,11.53461,36.9595,5.2242
C,test,none,real,raw_video_018_clip_0046,night,clear,80,,,,,4.51582,4.51556,50.2593,5.9616
C,test,none,real,raw_video_018_clip_0047,night,glare,80,,,,,4.79659,4.79885,53.6678,5.8718
C,test,none,real,raw_video_018_clip_0048,night,clear,80,,,,,6.90269,6.89922,31.3019,5.192
C,test,none,real,raw_video_018_clip_0052,night,clear,80,,,,,8.83597,8.83132,25.5833,4.7024
C,test,none,real,raw_video_022_clip_0000,evening,rain,80,,,,,6.58369,6.57896,22.2148,4.6929
C,test,none,real,raw_video_022_clip_0001,evening,rain,80,,,,,6.02197,6.02393,31.0574,4.5064
C,test,none,real,raw_video_022_clip_0002,evening,rain,80,,,,,6.40749,6.41071,35.3234,5.2074
C,test,none,real,raw_video_022_clip_0003,evening,rain,80,,,,,5.00864,5.01342,30.216,4.6246
C,test,none,real,raw_video_022_clip_0004,evening,rain,80,,,,,5.17021,5.18488,23.0444,4.4064
C,test,none,real,raw_video_022_clip_0005,evening,rain,80,,,,,3.12832,3.13895,12.7655,4.299
C,test,none,real,raw_video_022_clip_0006,evening,rain,80,,,,,1.42902,1.43759,8.8204,4.2673
C,test,none,real,raw_video_022_clip_0007,evening,rain,80,,,,,6.16479,6.17188,26.0427,4.3045
C,test,none,real,raw_video_022_clip_0008,evening,rain,80,,,,,8.23037,8.25026,32.2116,4.6542
C,test,none,real,raw_video_022_clip_0009,evening,rain,80,,,,,5.2204,5.23846,27.7184,4.3715
C,test,none,real,raw_video_022_clip_0010,evening,rain,80,,,,,6.38458,6.40239,22.9949,4.4237
C,test,none,real,raw_video_022_clip_0011,evening,rain,80,,,,,5.90705,5.90826,26.7473,4.3557
C,test,none,real,raw_video_022_clip_0012,evening,rain,80,,,,,5.30723,5.33675,27.2983,4.3673
C,test,none,real,raw_video_022_clip_0014,evening,rain,80,,,,,0.82899,0.83494,17.2132,3.6682
C,test,none,real,raw_video_022_clip_0015,evening,rain,80,,,,,8.29652,8.29498,24.0887,4.6909
C,test,none,real,raw_video_022_clip_0016,evening,rain,80,,,,,7.375,7.37246,27.1431,4.1989
C,test,none,real,raw_video_022_clip_0017,evening,rain,80,,,,,5.36776,5.379,29.8062,4.1837
C,test,none,real,raw_video_022_clip_0018,evening,rain,80,,,,,7.20863,7.21091,27.2526,4.4549
C,test,none,real,raw_video_022_clip_0019,evening,rain,80,,,,,9.29758,9.28538,31.2803,4.4626
C,test,none,real,raw_video_022_clip_0020,evening,rain,80,,,,,10.18665,10.17635,24.601,4.4235
C,test,none,real,raw_video_022_clip_0021,evening,rain,80,,,,,8.22449,8.22633,49.0624,5.6144
C,test,none,real,raw_video_022_clip_0022,evening,rain,80,,,,,5.6045,5.60559,52.1339,6.0301
C,test,none,real,raw_video_022_clip_0023,evening,rain,80,,,,,2.98749,2.99684,48.4083,5.9471
C,test,none,real,raw_video_022_clip_0024,evening,rain,80,,,,,9.60281,9.59006,39.4253,5.0505
C,test,none,real,raw_video_022_clip_0025,evening,rain,80,,,,,13.39748,13.38065,42.9681,5.8551
C,test,none,real,raw_video_022_clip_0026,evening,rain,80,,,,,9.76223,9.75964,56.3688,6.0086
C,test,none,real,raw_video_022_clip_0027,evening,rain,80,,,,,5.58163,5.60576,31.5247,4.7093
C,test,none,real,raw_video_022_clip_0028,evening,rain,80,,,,,4.0903,4.10055,50.3107,5.7911
C,test,none,real,raw_video_022_clip_0029,evening,rain,80,,,,,2.78106,2.79052,48.6022,5.1442
